<?xml version="1.0" encoding="UTF-8"?>
<project-private xmlns="http://www.netbeans.org/ns/project-private/1">
    <editor-bookmarks xmlns="http://www.netbeans.org/ns/editor-bookmarks/2" lastBookmarkId="0"/>
    <open-files xmlns="http://www.netbeans.org/ns/projectui-open-files/2">
        <group>
            <file>file:/home/labso08/Escritorio/EjemploBean/src/java/sv/edu/udb/guia9/PersonaBean.java</file>
            <file>file:/home/labso08/Escritorio/EjemploBean/web/EnviarPersona.jsp</file>
            <file>file:/home/labso08/Escritorio/EjemploBean/web/Persona.jsp</file>
            <file>file:/home/labso08/Escritorio/EjemploBean/src/java/sv/edu/udb/guia9Controller/Inicio.java</file>
        </group>
    </open-files>
</project-private>
